{
  "Version": "2012-10-17",
  "Statement": [
    {
      "Effect": "Allow",
      "Action": [
        "ecr:BatchCheckLayerAvailability",
        "ecr:CompleteLayerUpload",
        "ecr:GetAuthorizationToken",
        "ecr:InitiateLayerUpload",
        "ecr:PutImage",
        "ecr:UploadLayerPart",
        "ecs:DeregisterTaskDefinition",
        "ecs:DescribeClusters",
        "ecs:DescribeServices",
        "ecs:DescribeTaskDefinition",
        "ecs:RegisterTaskDefinition",
        "ecs:UpdateService",
        "iam:PassRole"
      ],
      "Resource": "*"
    }
  ]
}
