{
  "Version": "2012-10-17",
  "Statement": [
    {
      "Effect": "Allow",
      "Action": [
        "ec2:DeleteInternetGateway",
        "ec2:DeleteRoute",
        "ec2:DeleteRouteTable",
        "ec2:DeleteSecurityGroup",
        "ec2:DeleteSubnet",
        "ec2:DeleteVpc",
        "ec2:DescribeAccountAttributes",
        "ec2:DescribeInternetGateways",
        "ec2:DescribeNetworkAcls",
        "ec2:DescribeNetworkInterfaces",
        "ec2:DescribeRouteTables",
        "ec2:DescribeSecurityGroups",
        "ec2:DescribeSubnets",
        "ec2:DescribeVpcAttribute",
        "ec2:DescribeVpcClassicLink",
        "ec2:DescribeVpcClassicLinkDnsSupport",
        "ec2:DescribeVpcs",
        "ec2:DetachInternetGateway",
        "ec2:DetachNetworkInterface",
        "ec2:DisassociateRouteTable",
        "ecs:DeleteCluster",
        "ecs:DeleteService",
        "ecs:DeregisterTaskDefinition",
        "ecs:DescribeClusters",
        "ecs:DescribeServices",
        "ecs:DescribeTaskDefinition",
        "ecs:UpdateService",
        "elasticfilesystem:DeleteFileSystem",
        "elasticfilesystem:DeleteMountTarget",
        "elasticfilesystem:DescribeFileSystems",
        "elasticfilesystem:DescribeLifecycleConfiguration",
        "elasticfilesystem:DescribeMountTargetSecurityGroups",
        "elasticfilesystem:DescribeMountTargets",
        "elasticloadbalancing:DeleteListener",
        "elasticloadbalancing:DeleteLoadBalancer",
        "elasticloadbalancing:DeleteTargetGroup",
        "elasticloadbalancing:DescribeListeners",
        "elasticloadbalancing:DescribeLoadBalancerAttributes",
        "elasticloadbalancing:DescribeLoadBalancers",
        "elasticloadbalancing:DescribeTags",
        "elasticloadbalancing:DescribeTargetGroupAttributes",
        "elasticloadbalancing:DescribeTargetGroups",
        "iam:DeletePolicy",
        "iam:DeleteRole",
        "iam:DetachRolePolicy",
        "iam:GetPolicy",
        "iam:GetPolicyVersion",
        "iam:GetRole",
        "iam:ListAttachedRolePolicies",
        "iam:ListInstanceProfilesForRole",
        "iam:ListPolicyVersions",
        "iam:ListRolePolicies",
        "lambda:DeleteFunction",
        "lambda:GetFunction",
        "lambda:GetFunctionCodeSigningConfig",
        "lambda:ListVersionsByFunction",
        "logs:DeleteLogGroup",
        "logs:DescribeLogGroups",
        "logs:ListTagsLogGroup",
        "rds:DeleteDBInstance",
        "rds:DeleteDBSubnetGroup",
        "rds:DescribeDBInstances",
        "rds:DescribeDBSubnetGroups",
        "rds:ListTagsForResource"
      ],
      "Resource": "*"
    }
  ]
}
